{"cameraMode":{"drawMode":0,"name":"Shaded","section":"Shading Mode"},"sceneLighting":true,"audioPlay":false,"sceneViewState":{"showFog":true,"showMaterialUpdate":false,"showSkybox":true,"showFlares":true,"showImageEffects":true,"showParticleSystems":true},"in2DMode":false,"pivot":{"x":3.5706894397735597,"y":3.526745557785034,"z":-8.516043663024903},"rotation":{"x":0.026582738384604455,"y":0.08894941955804825,"z":0.002372672548517585,"w":-0.9957049489021301},"size":1.8966271877288819,"orthographic":false}